<?xml version="1.0" encoding="UTF-8"?>
<!-- <!DOCTYPE CATALOG> -->
<CATALOG>
  <CD>
    <TITLE>Empire Burlesque</TITLE>
    <ARTIST>Bob Dylan</ARTIST>
    <COUNTRY>USA</COUNTRY>
    <COMPANY>Columbia</COMPANY>
    <PRICE>10.90</PRICE>
    <YEAR>1985</YEAR>
  </CD>
  <CD>
    <TITLE>Hide your heart</TITLE>
    <ARTIST>Bonnie Tyler</ARTIST>
    <COUNTRY>UK</COUNTRY>
    <COMPANY>CBS Records</COMPANY>
    <PRICE>9.90</PRICE>
    <YEAR>1988</YEAR>
  </CD>
  <CD>
    <TITLE>Greatest Hits</TITLE>
    <ARTIST>Dolly Parton</ARTIST>
    <COUNTRY>USA</COUNTRY>
    <COMPANY>RCA</COMPANY>
    <PRICE>9.90</PRICE>
    <YEAR>1982</YEAR>
  </CD>
  <CD>
    <TITLE>Still got the blues</TITLE>
    <ARTIST>Gary Moore</ARTIST>
    <COUNTRY>UK</COUNTRY>
    <COMPANY>Virgin records</COMPANY>
    <PRICE>10.20</PRICE>
    <YEAR>1990</YEAR>
  </CD>
  <CD>
    <TITLE>Eros</TITLE>
    <ARTIST>Eros Ramazzotti</ARTIST>
    <COUNTRY>EU</COUNTRY>
    <COMPANY>BMG</COMPANY>
    <PRICE>9.90</PRICE>
    <YEAR>1997</YEAR>
  </CD>
  <CD>
    <TITLE>One night only</TITLE>
    <ARTIST>Bee Gees</ARTIST>
    <COUNTRY>UK</COUNTRY>
    <COMPANY>Polydor</COMPANY>
    <PRICE>10.90</PRICE>
    <YEAR>1998</YEAR>
  </CD>
  <CD>
    <TITLE>Sylvias Mother</TITLE>
    <ARTIST>Dr.Hook</ARTIST>
    <COUNTRY>UK</COUNTRY>
    <COMPANY>CBS</COMPANY>
    <PRICE>8.10</PRICE>
    <YEAR>1973</YEAR>
  </CD>
</CATALOG>