[
    { "id": 1, "src": "ex7/images/vaughan_flood.jpg" },
    { "id": 2, "src": "ex7/images/clapton_cream.jpg" },
    { "id": 3, "src": "ex7/images/mayer_try.jpg" },
    { "id": 4, "src": "ex7/images/waters_live.jpg" },
    { "id": 5, "src": "ex7/images/BIBI_Bam.jpg" },
    { "id": 6, "src": "ex7/images/AKMU_love_lee.jpg" },
    { "id": 7, "src": "ex7/images/IU_the_winning.jpg" },
    { "id": 8, "src": "ex7/images/Day6_fourever.jpg" },
    { "id": 9, "src": "ex7/images/Jannabee_Legend.jpg" },
    { "id": 10, "src": "ex7/images/BTS_Dynamite.jpg" },
    { "id": 11, "src": "ex7/images/Younha_end_theory.jpg" },
    { "id": 12, "src": "ex7/images/NewJeans_1st_EP.jpg" }
]