{
  "CATALOG": {
    "CD": [
      {
        "TITLE": "Empire Burlesque",
        "ARTIST": "Bob Dylan",
        "COUNTRY": "USA",
        "COMPANY": "Columbia",
        "PRICE": 10.90,
        "YEAR": "1985"
      },
      {
        "TITLE": "Hide your heart",
        "ARTIST": "Bonnie Tyler",
        "COUNTRY": "UK",
        "COMPANY": "CBS Records",
        "PRICE": 9.90,
        "YEAR": "1988"
      },
      {
        "TITLE": "Greatest Hits",
        "ARTIST": "Dolly Parton",
        "COUNTRY": "USA",
        "COMPANY": "RCA",
        "PRICE": 9.90,
        "YEAR": "1982"
      },
      {
        "TITLE": "Still got the blues",
        "ARTIST": "Gary Moore",
        "COUNTRY": "UK",
        "COMPANY": "Virgin records",
        "PRICE": 10.20,
        "YEAR": "1990"
      },
      {
        "TITLE": "Eros",
        "ARTIST": "Eros Ramazzotti",
        "COUNTRY": "EU",
        "COMPANY": "BMG",
        "PRICE": 9.90,
        "YEAR": "1997"
      },
      {
        "TITLE": "One night only",
        "ARTIST": "Bee Gees",
        "COUNTRY": "UK",
        "COMPANY": "Polydor",
        "PRICE": 10.90,
        "YEAR": "1998"
      },
      {
        "TITLE": "Sylvias Mother",
        "ARTIST": "Dr.Hook",
        "COUNTRY": "UK",
        "COMPANY": "CBS",
        "PRICE": 8.10,
        "YEAR": "1973"
      }
    ]
  }
}